Title,Price,Date
Revind.442 Queen Music Band in Black & White Men's 100% Cotton Round Neck T-Shirt,499,2023-07-09
Revind.442 Queen Music Band in Black & White Men's 100% Cotton Round Neck T-Shirt,499,2023-07-09
,,2023-07-09
,,2023-07-09
"<span class=""a-size-large product-title-word-break"" id=""productTitle"">
                    Revind.442 Queen Music Band in Black &amp; White Men's 100% Cotton Round Neck T-Shirt
                   </span>","<span class=""a-offscreen"">
                   ₹499
                  </span>",2023-07-09
,,2023-07-09
"<span class=""a-size-large product-title-word-break"" id=""productTitle"">
                    Revind.442 Queen Music Band in Black &amp; White Men's 100% Cotton Round Neck T-Shirt
                   </span>","<span class=""a-offscreen"">
                   ₹499
                  </span>",2023-07-09
,,2023-07-09
,,2023-07-09
,,2023-07-09
,,2023-07-09
,,2023-07-09
,,2023-07-09
,,2023-07-09
"<span class=""a-size-large product-title-word-break"" id=""productTitle"">
                    Revind.442 Queen Music Band in Black &amp; White Men's 100% Cotton Round Neck T-Shirt
                   </span>","<span class=""a-offscreen"">
                   ₹499
                  </span>",2023-07-09
,,2023-07-09
"<span class=""a-size-large product-title-word-break"" id=""productTitle"">
                    Revind.442 Queen Music Band in Black &amp; White Men's 100% Cotton Round Neck T-Shirt
                   </span>","<span class=""a-offscreen"">
                   ₹499
                  </span>",2023-07-09
,,2023-07-09
"<span class=""a-size-large product-title-word-break"" id=""productTitle"">
                    Revind.442 Queen Music Band in Black &amp; White Men's 100% Cotton Round Neck T-Shirt
                   </span>","<span class=""a-offscreen"">
                   ₹499
                  </span>",2023-07-09
,,2023-07-09
,,2023-07-09
,,2023-07-09
,,2023-07-09
,,2023-07-09
,,2023-07-09
"<span class=""a-size-large product-title-word-break"" id=""productTitle"">
                    Revind.442 Queen Music Band in Black &amp; White Men's 100% Cotton Round Neck T-Shirt
                   </span>","<span class=""a-offscreen"">
                   ₹499
                  </span>",2023-07-09
,,2023-07-09
,,2023-07-09
"<span class=""a-size-large product-title-word-break"" id=""productTitle"">
                    Revind.442 Queen Music Band in Black &amp; White Men's 100% Cotton Round Neck T-Shirt
                   </span>","<span class=""a-offscreen"">
                   ₹499
                  </span>",2023-07-09
,,2023-07-09
,,2023-07-09
"<span class=""a-size-large product-title-word-break"" id=""productTitle"">
                    Revind.442 Queen Music Band in Black &amp; White Men's 100% Cotton Round Neck T-Shirt
                   </span>","<span class=""a-offscreen"">
                   ₹499
                  </span>",2023-07-09
"<span class=""a-size-large product-title-word-break"" id=""productTitle"">
                    Revind.442 Queen Music Band in Black &amp; White Men's 100% Cotton Round Neck T-Shirt
                   </span>","<span class=""a-offscreen"">
                   ₹499
                  </span>",2023-07-09
,,2023-07-09
,,2023-07-09
"<span class=""a-size-large product-title-word-break"" id=""productTitle"">
                    Revind.442 Queen Music Band in Black &amp; White Men's 100% Cotton Round Neck T-Shirt
                   </span>","<span class=""a-offscreen"">
                   ₹499
                  </span>",2023-07-09
,,2023-07-09
"<span class=""a-size-large product-title-word-break"" id=""productTitle"">
                    Revind.442 Queen Music Band in Black &amp; White Men's 100% Cotton Round Neck T-Shirt
                   </span>","<span class=""a-offscreen"">
                   ₹499
                  </span>",2023-07-09
"<span class=""a-size-large product-title-word-break"" id=""productTitle"">
                    Revind.442 Queen Music Band in Black &amp; White Men's 100% Cotton Round Neck T-Shirt
                   </span>","<span class=""a-offscreen"">
                   ₹499
                  </span>",2023-07-09
,,2023-07-09
"<span class=""a-size-large product-title-word-break"" id=""productTitle"">
                    Revind.442 Queen Music Band in Black &amp; White Men's 100% Cotton Round Neck T-Shirt
                   </span>","<span class=""a-offscreen"">
                   ₹499
                  </span>",2023-07-09
,,2023-07-09
,,2023-07-09
,,2023-07-09
,,2023-07-09
,,2023-07-09
,,2023-07-09
,,2023-07-09
,,2023-07-09
"<span class=""a-size-large product-title-word-break"" id=""productTitle"">
                    Revind.442 Queen Music Band in Black &amp; White Men's 100% Cotton Round Neck T-Shirt
                   </span>","<span class=""a-offscreen"">
                   ₹499
                  </span>",2023-07-09
,,2023-07-09
"<span class=""a-size-large product-title-word-break"" id=""productTitle"">
                    Revind.442 Queen Music Band in Black &amp; White Men's 100% Cotton Round Neck T-Shirt
                   </span>","<span class=""a-offscreen"">
                   ₹499
                  </span>",2023-07-09
,,2023-07-09
,,2023-07-09
"<span class=""a-size-large product-title-word-break"" id=""productTitle"">
                    Revind.442 Queen Music Band in Black &amp; White Men's 100% Cotton Round Neck T-Shirt
                   </span>","<span class=""a-offscreen"">
                   ₹499
                  </span>",2023-07-09
,,2023-07-09
,,2023-07-09
,,2023-07-09
,,2023-07-09
,,2023-07-09
,,2023-07-09
,,2023-07-09
,,2023-07-09
,,2023-07-09
,,2023-07-09
,,2023-07-09
"<span class=""a-size-large product-title-word-break"" id=""productTitle"">
                    Revind.442 Queen Music Band in Black &amp; White Men's 100% Cotton Round Neck T-Shirt
                   </span>","<span class=""a-offscreen"">
                   ₹499
                  </span>",2023-07-09
"<span class=""a-size-large product-title-word-break"" id=""productTitle"">
                    Revind.442 Queen Music Band in Black &amp; White Men's 100% Cotton Round Neck T-Shirt
                   </span>","<span class=""a-offscreen"">
                   ₹499
                  </span>",2023-07-09
,,2023-07-09
